{"cameraMode":{"drawMode":0,"name":"Shaded","section":"Shading Mode"},"sceneLighting":true,"audioPlay":false,"sceneViewState":{"showFog":true,"showMaterialUpdate":false,"showSkybox":true,"showFlares":true,"showImageEffects":true,"showParticleSystems":true},"in2DMode":false,"pivot":{"x":377.7756652832031,"y":309.4468994140625,"z":10.2894287109375},"rotation":{"x":0.014999029226601124,"y":0.009295995347201825,"z":-0.00013956203474663198,"w":0.999849259853363},"size":629.6015625,"orthographic":false}