{"cameraMode":{"drawMode":0,"name":"Shaded","section":"Shading Mode"},"sceneLighting":true,"audioPlay":false,"sceneViewState":{"showFog":true,"showMaterialUpdate":false,"showSkybox":true,"showFlares":true,"showImageEffects":true,"showParticleSystems":true},"in2DMode":false,"pivot":{"x":390.67010498046877,"y":-70.0233383178711,"z":642.394287109375},"rotation":{"x":0.004945556167513132,"y":-0.9497557282447815,"z":0.31263336539268496,"w":0.015109946019947529},"size":364.489990234375,"orthographic":false}