{"cameraMode":{"drawMode":0,"name":"Shaded","section":"Shading Mode"},"sceneLighting":false,"audioPlay":false,"sceneViewState":{"showFog":true,"showMaterialUpdate":false,"showSkybox":false,"showFlares":true,"showImageEffects":true,"showParticleSystems":true},"in2DMode":false,"pivot":{"x":1.717779278755188,"y":2.4184021949768068,"z":-1.1154831647872925},"rotation":{"x":0.058815762400627139,"y":-0.7785378694534302,"z":0.07378805428743363,"w":0.620480477809906},"size":22.514225006103517,"orthographic":false}