{"cameraMode":{"drawMode":0,"name":"Shaded","section":"Shading Mode"},"sceneLighting":true,"audioPlay":false,"sceneViewState":{"showFog":true,"showMaterialUpdate":false,"showSkybox":true,"showFlares":true,"showImageEffects":true,"showParticleSystems":true},"in2DMode":false,"pivot":{"x":364.3599853515625,"y":0.8799999952316284,"z":670.2300415039063},"rotation":{"x":-0.09157165139913559,"y":0.8987166881561279,"z":-0.22565478086471559,"w":-0.3647034466266632},"size":11.110754013061524,"orthographic":false}