{"cameraMode":{"drawMode":0,"name":"Shaded","section":"Shading Mode"},"sceneLighting":true,"audioPlay":false,"sceneViewState":{"showFog":true,"showMaterialUpdate":false,"showSkybox":true,"showFlares":true,"showImageEffects":true,"showParticleSystems":true},"in2DMode":false,"pivot":{"x":368.36505126953127,"y":-2.207368850708008,"z":672.392822265625},"rotation":{"x":0.3914327323436737,"y":0.19795534014701844,"z":-0.0866321325302124,"w":0.8944881558418274},"size":23.675180435180665,"orthographic":false}