{"cameraMode":{"drawMode":0,"name":"Shaded","section":"Shading Mode"},"sceneLighting":true,"audioPlay":false,"sceneViewState":{"showFog":true,"showMaterialUpdate":false,"showSkybox":true,"showFlares":true,"showImageEffects":true,"showParticleSystems":true},"in2DMode":false,"pivot":{"x":396.8773498535156,"y":-211.22457885742188,"z":749.0455322265625},"rotation":{"x":0.43735089898109438,"y":0.09518740326166153,"z":-0.04661530256271362,"w":0.8930454850196838},"size":502.0081787109375,"orthographic":false}