{"cameraMode":{"drawMode":0,"name":"Shaded","section":"Shading Mode"},"sceneLighting":true,"audioPlay":false,"sceneViewState":{"showFog":true,"showMaterialUpdate":false,"showSkybox":true,"showFlares":true,"showImageEffects":true,"showParticleSystems":true},"in2DMode":false,"pivot":{"x":379.59246826171877,"y":-0.7483878135681152,"z":602.9083862304688},"rotation":{"x":-0.2481885552406311,"y":0.0005780967185273767,"z":-0.00014824859681539237,"w":-0.968712568283081},"size":11.110602378845215,"orthographic":false}