{"cameraMode":{"drawMode":0,"name":"Shaded","section":"Shading Mode"},"sceneLighting":false,"audioPlay":false,"sceneViewState":{"showFog":true,"showMaterialUpdate":false,"showSkybox":false,"showFlares":true,"showImageEffects":true,"showParticleSystems":true},"in2DMode":false,"pivot":{"x":369.5,"y":1.788593053817749,"z":661.9000244140625},"rotation":{"x":0.020936258137226106,"y":0.9634363055229187,"z":-0.07908308506011963,"w":0.25518798828125},"size":7.1824493408203129,"orthographic":false}