{"cameraMode":{"drawMode":0,"name":"Shaded","section":"Shading Mode"},"sceneLighting":true,"audioPlay":false,"sceneViewState":{"showFog":true,"showMaterialUpdate":false,"showSkybox":true,"showFlares":true,"showImageEffects":true,"showParticleSystems":true},"in2DMode":false,"pivot":{"x":333.4453125,"y":15.836174011230469,"z":665.7894287109375},"rotation":{"x":-0.2397201806306839,"y":-0.7391096949577332,"z":0.3308710753917694,"w":-0.5355345010757446},"size":164.8300018310547,"orthographic":false}