{"cameraMode":{"drawMode":0,"name":"Shaded","section":"Shading Mode"},"sceneLighting":true,"audioPlay":false,"sceneViewState":{"showFog":true,"showMaterialUpdate":false,"showSkybox":true,"showFlares":true,"showImageEffects":true,"showParticleSystems":true},"in2DMode":false,"pivot":{"x":365.3999938964844,"y":16.360000610351564,"z":644.8200073242188},"rotation":{"x":0.044912826269865039,"y":-0.9222980737686157,"z":0.1129041463136673,"w":0.3668871223926544},"size":22.0,"orthographic":false}