{"cameraMode":{"drawMode":0,"name":"Shaded","section":"Shading Mode"},"sceneLighting":true,"audioPlay":false,"sceneViewState":{"showFog":true,"showMaterialUpdate":false,"showSkybox":true,"showFlares":true,"showImageEffects":true,"showParticleSystems":true},"in2DMode":false,"pivot":{"x":369.57000732421877,"y":1.891836166381836,"z":661.9000244140625},"rotation":{"x":0.044912826269865039,"y":-0.9222980737686157,"z":0.1129041463136673,"w":0.3668871223926544},"size":18.880048751831056,"orthographic":false}