{"cameraMode":{"drawMode":0,"name":"Shaded","section":"Shading Mode"},"sceneLighting":true,"audioPlay":false,"sceneViewState":{"showFog":true,"showMaterialUpdate":false,"showSkybox":true,"showFlares":true,"showImageEffects":true,"showParticleSystems":true},"in2DMode":false,"pivot":{"x":211.203125,"y":107.86669921875,"z":-48.63671875},"rotation":{"x":0.005739380605518818,"y":0.29149627685546877,"z":-0.0017489902675151826,"w":0.95655357837677},"size":152.62510681152345,"orthographic":true}