{"cameraMode":{"drawMode":0,"name":"Shaded","section":"Shading Mode"},"sceneLighting":true,"audioPlay":false,"sceneViewState":{"showFog":true,"showMaterialUpdate":false,"showSkybox":true,"showFlares":true,"showImageEffects":true,"showParticleSystems":true},"in2DMode":false,"pivot":{"x":813.2674560546875,"y":-216.94354248046876,"z":1112.67919921875},"rotation":{"x":0.13783705234527589,"y":0.2949662208557129,"z":-0.04302334040403366,"w":0.9445566534996033},"size":772.4317626953125,"orthographic":false}