{"cameraMode":{"drawMode":0,"name":"Shaded","section":"Shading Mode"},"sceneLighting":true,"audioPlay":false,"sceneViewState":{"showFog":true,"showMaterialUpdate":false,"showSkybox":true,"showFlares":true,"showImageEffects":true,"showParticleSystems":true},"in2DMode":false,"pivot":{"x":786.533447265625,"y":-343.5065002441406,"z":1050.282470703125},"rotation":{"x":0.24933627247810365,"y":0.3499491810798645,"z":-0.0971754863858223,"w":0.8977566361427307},"size":704.2750244140625,"orthographic":false}