{"cameraMode":{"drawMode":0,"name":"Shaded","section":"Shading Mode"},"sceneLighting":true,"audioPlay":false,"sceneViewState":{"showFog":true,"showMaterialUpdate":false,"showSkybox":true,"showFlares":true,"showImageEffects":true,"showParticleSystems":true},"in2DMode":false,"pivot":{"x":354.0859069824219,"y":-23.688446044921876,"z":522.6427612304688},"rotation":{"x":0.4249768853187561,"y":0.5750104188919067,"z":-0.49164366722106936,"w":0.49704113602638247},"size":426.4158020019531,"orthographic":false}