{"cameraMode":{"drawMode":0,"name":"Shaded","section":"Shading Mode"},"sceneLighting":false,"audioPlay":false,"sceneViewState":{"showFog":true,"showMaterialUpdate":false,"showSkybox":false,"showFlares":true,"showImageEffects":true,"showParticleSystems":true},"in2DMode":false,"pivot":{"x":344.83135986328127,"y":2.3898744583129885,"z":625.0662231445313},"rotation":{"x":0.2537154257297516,"y":-0.4779871702194214,"z":0.14645101130008698,"w":0.8280777335166931},"size":13.603912353515625,"orthographic":false}