{"cameraMode":{"drawMode":0,"name":"Shaded","section":"Shading Mode"},"sceneLighting":false,"audioPlay":false,"sceneViewState":{"showFog":true,"showMaterialUpdate":false,"showSkybox":false,"showFlares":true,"showImageEffects":true,"showParticleSystems":true},"in2DMode":false,"pivot":{"x":394.5507507324219,"y":-22.822351455688478,"z":549.0150146484375},"rotation":{"x":0.0002370302245253697,"y":-0.9857839941978455,"z":0.1680992990732193,"w":0.0014604920288547874},"size":109.88085174560547,"orthographic":false}