{"cameraMode":{"drawMode":0,"name":"Shaded","section":"Shading Mode"},"sceneLighting":true,"audioPlay":false,"sceneViewState":{"showFog":true,"showMaterialUpdate":false,"showSkybox":true,"showFlares":true,"showImageEffects":true,"showParticleSystems":true},"in2DMode":false,"pivot":{"x":356.49090576171877,"y":2.5794923305511476,"z":584.1716918945313},"rotation":{"x":-0.17976878583431245,"y":-0.10543076694011688,"z":0.019381651654839517,"w":-0.9778529405593872},"size":59.10606384277344,"orthographic":false}