{"cameraMode":{"drawMode":0,"name":"Shaded","section":"Shading Mode"},"sceneLighting":false,"audioPlay":false,"sceneViewState":{"showFog":true,"showMaterialUpdate":false,"showSkybox":false,"showFlares":true,"showImageEffects":true,"showParticleSystems":true},"in2DMode":false,"pivot":{"x":545.9544677734375,"y":296.8332214355469,"z":-1.27801513671875},"rotation":{"x":-0.3171852231025696,"y":-0.01650393195450306,"z":0.005520554259419441,"w":-0.9482055306434631},"size":2250.86474609375,"orthographic":false}