{"cameraMode":{"drawMode":0,"name":"Shaded","section":"Shading Mode"},"sceneLighting":false,"audioPlay":false,"sceneViewState":{"showFog":true,"showMaterialUpdate":false,"showSkybox":false,"showFlares":true,"showImageEffects":true,"showParticleSystems":true},"in2DMode":false,"pivot":{"x":369.5827331542969,"y":1.8652782440185547,"z":661.9000244140625},"rotation":{"x":-0.3171852231025696,"y":-0.01650393195450306,"z":0.005520554259419441,"w":-0.9482055306434631},"size":6.740365982055664,"orthographic":false}