{"cameraMode":{"drawMode":0,"name":"Shaded","section":"Shading Mode"},"sceneLighting":false,"audioPlay":false,"sceneViewState":{"showFog":true,"showMaterialUpdate":false,"showSkybox":false,"showFlares":true,"showImageEffects":true,"showParticleSystems":true},"in2DMode":false,"pivot":{"x":352.89312744140627,"y":4.6748046875,"z":617.6641845703125},"rotation":{"x":0.01895570568740368,"y":-0.7936413288116455,"z":-0.02476244419813156,"w":-0.6075893044471741},"size":22.0534725189209,"orthographic":false}