{"cameraMode":{"drawMode":0,"name":"Shaded","section":"Shading Mode"},"sceneLighting":false,"audioPlay":false,"sceneViewState":{"showFog":true,"showMaterialUpdate":false,"showSkybox":false,"showFlares":true,"showImageEffects":true,"showParticleSystems":true},"in2DMode":false,"pivot":{"x":344.8999938964844,"y":7.530214786529541,"z":592.4000244140625},"rotation":{"x":-0.3171852231025696,"y":-0.01650393195450306,"z":0.005520554259419441,"w":-0.9482055306434631},"size":39.10173416137695,"orthographic":false}