{"cameraMode":{"drawMode":0,"name":"Shaded","section":"Shading Mode"},"sceneLighting":false,"audioPlay":false,"sceneViewState":{"showFog":true,"showMaterialUpdate":false,"showSkybox":false,"showFlares":true,"showImageEffects":true,"showParticleSystems":true},"in2DMode":false,"pivot":{"x":400.0002136230469,"y":1.2003624439239503,"z":587.8651733398438},"rotation":{"x":-0.3171852231025696,"y":-0.01650393195450306,"z":0.005520554259419441,"w":-0.9482055306434631},"size":9.089874267578125,"orthographic":false}