{"cameraMode":{"drawMode":0,"name":"Shaded","section":"Shading Mode"},"sceneLighting":true,"audioPlay":false,"sceneViewState":{"showFog":true,"showMaterialUpdate":false,"showSkybox":true,"showFlares":true,"showImageEffects":true,"showParticleSystems":true},"in2DMode":false,"pivot":{"x":398.1636962890625,"y":1.4000000953674317,"z":626.469970703125},"rotation":{"x":-0.3171852231025696,"y":-0.01650393195450306,"z":0.005520554259419441,"w":-0.9482055306434631},"size":25.851411819458009,"orthographic":false}