{"cameraMode":{"drawMode":0,"name":"Shaded","section":"Shading Mode"},"sceneLighting":false,"audioPlay":false,"sceneViewState":{"showFog":true,"showMaterialUpdate":false,"showSkybox":false,"showFlares":true,"showImageEffects":true,"showParticleSystems":true},"in2DMode":false,"pivot":{"x":-1.4768023490905762,"y":1.3226027488708497,"z":0.5015130043029785},"rotation":{"x":-0.01843303255736828,"y":0.6517155766487122,"z":-0.015845712274312974,"w":-0.7580769062042236},"size":6.715963840484619,"orthographic":false}