{"cameraMode":{"drawMode":0,"name":"Shaded","section":"Shading Mode"},"sceneLighting":true,"audioPlay":false,"sceneViewState":{"showFog":true,"showMaterialUpdate":false,"showSkybox":true,"showFlares":true,"showImageEffects":true,"showParticleSystems":true},"in2DMode":false,"pivot":{"x":398.4740905761719,"y":5.702030181884766,"z":622.0447998046875},"rotation":{"x":-0.008198132738471032,"y":0.9040395021438599,"z":0.01734946109354496,"w":0.4270406663417816},"size":25.641931533813478,"orthographic":false}