{"cameraMode":{"drawMode":0,"name":"Shaded","section":"Shading Mode"},"sceneLighting":false,"audioPlay":false,"sceneViewState":{"showFog":true,"showMaterialUpdate":false,"showSkybox":false,"showFlares":true,"showImageEffects":true,"showParticleSystems":true},"in2DMode":false,"pivot":{"x":366.21380615234377,"y":4.79571533203125,"z":670.5730590820313},"rotation":{"x":-0.26474717259407046,"y":-0.5933068990707398,"z":0.21542122960090638,"w":-0.72906494140625},"size":38.00237274169922,"orthographic":false}