{"cameraMode":{"drawMode":0,"name":"Shaded","section":"Shading Mode"},"sceneLighting":true,"audioPlay":false,"sceneViewState":{"showFog":true,"showMaterialUpdate":false,"showSkybox":true,"showFlares":true,"showImageEffects":true,"showParticleSystems":true},"in2DMode":false,"pivot":{"x":369.5604553222656,"y":4.333348751068115,"z":654.0942993164063},"rotation":{"x":0.1079745665192604,"y":-0.6920430064201355,"z":0.10588810592889786,"w":0.7058767080307007},"size":29.015064239501954,"orthographic":false}