{"cameraMode":{"drawMode":0,"name":"Shaded","section":"Shading Mode"},"sceneLighting":true,"audioPlay":false,"sceneViewState":{"showFog":true,"showMaterialUpdate":false,"showSkybox":true,"showFlares":true,"showImageEffects":true,"showParticleSystems":true},"in2DMode":false,"pivot":{"x":760.0195922851563,"y":0.5475048422813416,"z":681.0484008789063},"rotation":{"x":-0.012592826969921589,"y":-0.9526453018188477,"z":0.30128538608551028,"w":-0.039751626551151279},"size":114.87638092041016,"orthographic":false}