{"cameraMode":{"drawMode":0,"name":"Shaded","section":"Shading Mode"},"sceneLighting":true,"audioPlay":false,"sceneViewState":{"showFog":true,"showMaterialUpdate":false,"showSkybox":true,"showFlares":true,"showImageEffects":true,"showParticleSystems":true},"in2DMode":false,"pivot":{"x":359.3664245605469,"y":7.9601898193359379,"z":653.8713989257813},"rotation":{"x":0.20115108788013459,"y":0.05140092223882675,"z":-0.010545889846980572,"w":0.9781827330589294},"size":67.16232299804688,"orthographic":false}