{"cameraMode":{"drawMode":0,"name":"Shaded","section":"Shading Mode"},"sceneLighting":true,"audioPlay":false,"sceneViewState":{"showFog":true,"showMaterialUpdate":false,"showSkybox":true,"showFlares":true,"showImageEffects":true,"showParticleSystems":true},"in2DMode":false,"pivot":{"x":395.0361328125,"y":3.71669340133667,"z":633.528564453125},"rotation":{"x":0.021610287949442865,"y":0.9767659902572632,"z":-0.11957147717475891,"w":0.17653174698352815},"size":11.618958473205567,"orthographic":false}