{"cameraMode":{"drawMode":0,"name":"Shaded","section":"Shading Mode"},"sceneLighting":true,"audioPlay":false,"sceneViewState":{"showFog":true,"showMaterialUpdate":false,"showSkybox":true,"showFlares":true,"showImageEffects":true,"showParticleSystems":true},"in2DMode":false,"pivot":{"x":381.0938415527344,"y":2.0741159915924074,"z":627.2239990234375},"rotation":{"x":-0.07082069665193558,"y":-0.7787725925445557,"z":0.08941090852022171,"w":-0.6168507933616638},"size":12.281045913696289,"orthographic":false}