{"cameraMode":{"drawMode":0,"name":"Shaded","section":"Shading Mode"},"sceneLighting":false,"audioPlay":false,"sceneViewState":{"showFog":true,"showMaterialUpdate":false,"showSkybox":false,"showFlares":true,"showImageEffects":true,"showParticleSystems":true},"in2DMode":false,"pivot":{"x":369.5827331542969,"y":1.8652782440185547,"z":661.9000244140625},"rotation":{"x":-0.2398950606584549,"y":0.08925815671682358,"z":-0.02215632051229477,"w":-0.9664328098297119},"size":16.255836486816408,"orthographic":false}