{"cameraMode":{"drawMode":0,"name":"Shaded","section":"Shading Mode"},"sceneLighting":false,"audioPlay":false,"sceneViewState":{"showFog":true,"showMaterialUpdate":false,"showSkybox":false,"showFlares":true,"showImageEffects":true,"showParticleSystems":true},"in2DMode":false,"pivot":{"x":344.42486572265627,"y":0.2439284324645996,"z":619.2257080078125},"rotation":{"x":0.16368019580841065,"y":0.385018914937973,"z":-0.06958816945552826,"w":0.9056110978126526},"size":12.963817596435547,"orthographic":false}