{"cameraMode":{"drawMode":0,"name":"Shaded","section":"Shading Mode"},"sceneLighting":true,"audioPlay":false,"sceneViewState":{"showFog":true,"showMaterialUpdate":false,"showSkybox":true,"showFlares":true,"showImageEffects":true,"showParticleSystems":true},"in2DMode":false,"pivot":{"x":354.2779846191406,"y":6.771548271179199,"z":560.6315307617188},"rotation":{"x":0.05251038074493408,"y":-0.9270011186599731,"z":0.14181849360466004,"w":0.34323030710220339},"size":315.61932373046877,"orthographic":false}