{"cameraMode":{"drawMode":0,"name":"Shaded","section":"Shading Mode"},"sceneLighting":true,"audioPlay":false,"sceneViewState":{"showFog":true,"showMaterialUpdate":false,"showSkybox":true,"showFlares":true,"showImageEffects":true,"showParticleSystems":true},"in2DMode":false,"pivot":{"x":88.93435668945313,"y":92.421875,"z":-1.7906494140625},"rotation":{"x":-0.0527833066880703,"y":-0.008391118608415127,"z":0.0004434800357557833,"w":-0.9985749125480652},"size":201.80685424804688,"orthographic":false}