{"cameraMode":{"drawMode":0,"name":"Shaded","section":"Shading Mode"},"sceneLighting":true,"audioPlay":false,"sceneViewState":{"showFog":true,"showMaterialUpdate":false,"showSkybox":true,"showFlares":true,"showImageEffects":true,"showParticleSystems":true},"in2DMode":false,"pivot":{"x":397.89312744140627,"y":7.932867050170898,"z":658.40576171875},"rotation":{"x":-0.17307496070861817,"y":-0.06289198249578476,"z":0.011075112968683243,"w":-0.982840895652771},"size":11.446802139282227,"orthographic":false}