{"cameraMode":{"drawMode":0,"name":"Shaded","section":"Shading Mode"},"sceneLighting":true,"audioPlay":false,"sceneViewState":{"showFog":true,"showMaterialUpdate":false,"showSkybox":true,"showFlares":true,"showImageEffects":true,"showParticleSystems":true},"in2DMode":false,"pivot":{"x":84.55751037597656,"y":88.08749389648438,"z":-1.7025146484375},"rotation":{"x":-0.11692725867033005,"y":0.04377991333603859,"z":-0.005160144530236721,"w":-0.9921654462814331},"size":427.3912353515625,"orthographic":false}